Acanthobrama_lissneri,Cyprinidae,Cypriniformes,12,TL
Acanthopoma_annectens,Trichomycteridae,Siluriformes,12,SL
Acanthorhodeus_chankaensis,Cyprinidae,Cypriniformes,12,TL
Acentrogobius_pflaumii,Gobiidae,Perciformes,12,TL
Ageneiosus_atronasus,Auchenipteridae,Siluriformes,12,SL
Alloophorus_robustus,Goodeidae,Cyprinodontiformes,12,TL
Amphiprion_mccullochi,Pomacentridae,Perciformes,12,TL
Amphiprion_melanopus,Pomacentridae,Perciformes,12,TL
Amphiprion_rubrocinctus,Pomacentridae,Perciformes,12,TL
Anchoa_lyolepis,Engraulidae,Clupeiformes,12,TL
Apogon_exostigma,Apogonidae,Perciformes,12,TL
Apogon_semilineatus,Apogonidae,Perciformes,12,TL
Argyropelecus_gigas,Sternoptychidae,Stomiiformes,12,SL
Astyanax_mexicanus,Characidae,Characiformes,12,TL
Balitora_annamitica,Balitoridae,Cypriniformes,12,TL
Bathygobius_fuscus,Gobiidae,Perciformes,12,TL
Brycinus_longipinnis,Alestiidae,Characiformes,12,SL
Brycon_pesu,Characidae,Characiformes,12,SL
Bryconaethiops_macrops,Alestiidae,Characiformes,12,SL
Canthigaster_rostrata,Tetraodontidae,Tetraodontiformes,12,TL
Centropyge_multifasciata,Pomacanthidae,Perciformes,12,TL
Centropyge_venusta,Pomacanthidae,Perciformes,12,NG
Centropyge_vrolikii,Pomacanthidae,Perciformes,12,TL
Chaetobranchopsis_orbicularis,Cichlidae,Perciformes,12,SL
Chaetodon_guttatissimus,Chaetodontidae,Perciformes,12,TL
Chaetodon_larvatus,Chaetodontidae,Perciformes,12,TL
Chaetodon_multicinctus,Chaetodontidae,Perciformes,12,TL
Chaetodon_octofasciatus,Chaetodontidae,Perciformes,12,TL
Chaetodon_punctatofasciatus,Chaetodontidae,Perciformes,12,TL
Chaetodon_trichrous,Chaetodontidae,Perciformes,12,TL
Chaetodon_zanzibarensis,Chaetodontidae,Perciformes,12,TL
Chalinochromis_brichardi,Cichlidae,Perciformes,12,TL
Champsodon_atridorsalis,Champsodontidae,Perciformes,12,SL
Chilatherina_bleheri,Melanotaeniidae,Atheriniformes,12,SL
Chromis_atripectoralis,Pomacentridae,Perciformes,12,TL
Chromis_limbata,Pomacentridae,Perciformes,12,SL
Clinostomus_elongatus,Cyprinidae,Cypriniformes,12,TL
Cobitis_lutheri,Cobitidae,Cypriniformes,12,TL
Cottus_reinii,Cottidae,Scorpaeniformes,12,SL
Crossorhombus_kobensis,Bothidae,Pleuronectiformes,12,TL
Cryptoheros_spilurus,Cichlidae,Perciformes,12,TL
Cyprinella_spiloptera,Cyprinidae,Cypriniformes,12,TL
Dascyllus_flavicaudus,Pomacentridae,Perciformes,12,TL
Devario_kakhienensis,Cyprinidae,Cypriniformes,12,TL
Devario_malabaricus,Cyprinidae,Cypriniformes,12,TL
Encrasicholina_heteroloba,Engraulidae,Clupeiformes,12,SL
Epalzeorhynchos_bicolor,Cyprinidae,Cypriniformes,12,TL
Equulites_elongatus,Leiognathidae,Perciformes,12,TL
Etheostoma_cinereum,Percidae,Perciformes,12,TL
Etheostoma_euzonum,Percidae,Perciformes,12,TL
Etheostoma_sagitta,Percidae,Perciformes,12,TL
Formosania_lacustre,Balitoridae,Cypriniformes,12,TL
Fundulus_similis,Fundulidae,Cyprinodontiformes,12,TL
Garra_gravelyi,Cyprinidae,Cypriniformes,12,TL
Glossolepis_incisus,Melanotaeniidae,Atheriniformes,12,SL
Glossolepis_multisquamata,Melanotaeniidae,Atheriniformes,12,SL
Gobio_soldatovi,Cyprinidae,Cypriniformes,12,TL
Gobiomorphus_huttoni,Eleotridae,Perciformes,12,TL
Gobius_paganellus,Gobiidae,Perciformes,12,TL
Gunnellichthys_pleurotaenia,Microdesmidae,Perciformes,12,SL
Gymnogeophagus_balzanii,Cichlidae,Perciformes,12,SL
Gymnogeophagus_labiatus,Cichlidae,Perciformes,12,SL
Gymnogeophagus_rhabdotus,Cichlidae,Perciformes,12,SL
Halichoeres_argus,Labridae,Perciformes,12,TL
Halichoeres_biocellatus,Labridae,Perciformes,12,TL
Halichoeres_chrysus,Labridae,Perciformes,12,TL
Halichoeres_leucoxanthus,Labridae,Perciformes,12,TL
Halichoeres_melanurus,Labridae,Perciformes,12,TL
Halichoeres_miniatus,Labridae,Perciformes,12,TL
Halichoeres_nebulosus,Labridae,Perciformes,12,TL
Halichoeres_papilionaceus,Labridae,Perciformes,12,TL
Hemichromis_guttatus,Cichlidae,Perciformes,12,SL
Hemieleotris_latifasciata,Eleotridae,Perciformes,12,TL
Herichthys_deppii,Cichlidae,Perciformes,12,TL
Hybognathus_argyritis,Cyprinidae,Cypriniformes,12,TL
Hybognathus_hayi,Cyprinidae,Cypriniformes,12,TL
Hybognathus_regius,Cyprinidae,Cypriniformes,12,TL
Hypoatherina_temminckii,Atherinidae,Atheriniformes,12,TL
Hypomesus_transpacificus,Osmeridae,Osmeriformes,12,TL
Hypsagonus_quadricornis,Agonidae,Scorpaeniformes,12,TL
Hypseleotris_compressa,Eleotridae,Perciformes,12,SL
Iksookimia_hugowolfeldi,Cobitidae,Cypriniformes,12,TL
Kronichthys_subteres,Loricariidae,Siluriformes,12,TL
Kryptopterus_schilbeides,Siluridae,Siluriformes,12,TL
Laetacara_thayeri,Cichlidae,Perciformes,12,TL
Lamprologus_mocquardi,Cichlidae,Perciformes,12,TL
Lepomis_marginatus,Centrarchidae,Perciformes,12,TL
Liparis_montagui,Liparidae,Scorpaeniformes,12,TL
Macropharyngodon_negrosensis,Labridae,Perciformes,12,TL
Mecaenichthys_immaculatus,Pomacentridae,Perciformes,12,SL
Microsternarchus_bilineatus,Hypopomidae,Gymnotiformes,12,TL
Moema_piriana,Rivulidae,Cyprinodontiformes,12,TL
Moema_staecki,Rivulidae,Cyprinodontiformes,12,TL
Nandus_nebulosus,Nandidae,Perciformes,12,TL
Nannobrachium_ritteri,Myctophidae,Myctophiformes,12,SL
Neoglyphidodon_polyacanthus,Pomacentridae,Perciformes,12,SL
Neolamprologus_modestus,Cichlidae,Perciformes,12,TL
Neolamprologus_toae,Cichlidae,Perciformes,12,TL
Noturus_albater,Ictaluridae,Siluriformes,12,TL
Noturus_furiosus,Ictaluridae,Siluriformes,12,TL
Odontobutis_obscura,Odontobutidae,Perciformes,12,TL
Opsaridium_ubangiense,Cyprinidae,Cypriniformes,12,TL
Pachychilon_macedonicum,Cyprinidae,Cypriniformes,12,SL
Pangio_anguillaris,Cobitidae,Cypriniformes,12,SL
Pangio_kuhlii,Cobitidae,Cypriniformes,12,TL
Parablennius_parvicornis,Blenniidae,Perciformes,12,SL
Parachela_williaminae,Cyprinidae,Cypriniformes,12,SL
Parapercis_sexfasciata,Pinguipedidae,Perciformes,12,TL
Pelasgus_stymphalicus,Cyprinidae,Cypriniformes,12,TL
Pellonula_vorax,Clupeidae,Clupeiformes,12,SL
Percina_macrocephala,Percidae,Perciformes,12,TL
Percina_oxyrhynchus,Percidae,Perciformes,12,TL
Petrocephalus_simus,Mormyridae,Osteoglossiformes,12,TL
Pharyngochromis_acuticeps,Cichlidae,Perciformes,12,TL
Phenacobius_catostomus,Cyprinidae,Cypriniformes,12,TL
Phenacobius_mirabilis,Cyprinidae,Cypriniformes,12,TL
Phenacobius_uranops,Cyprinidae,Cypriniformes,12,TL
Philypnodon_grandiceps,Eleotridae,Perciformes,12,TL
Photoblepharon_palpebratum,Anomalopidae,Beryciformes,12,TL
Phoxinus_semotilus,Cyprinidae,Cypriniformes,12,TL
Phrynorhombus_norvegicus,Scophthalmidae,Pleuronectiformes,12,SL
Plecodus_multidentatus,Cichlidae,Perciformes,12,TL
Plectranthias_kelloggi,Serranidae,Perciformes,12,SL
Plectroglyphidodon_leucozonus,Pomacentridae,Perciformes,12,TL
Pseudanthias_lori,Serranidae,Perciformes,12,TL
Pseudanthias_tuka,Serranidae,Perciformes,12,TL
Pseudobarbus_asper,Cyprinidae,Cypriniformes,12,TL
Pseudobarbus_burgi,Cyprinidae,Cypriniformes,12,SL
Pseudochromis_bitaeniatus,Pseudochromidae,Perciformes,12,TL
Pseudomystus_stenomus,Bagridae,Siluriformes,12,TL
Pseudophoxinus_handlirschi,Cyprinidae,Cypriniformes,12,TL
Ptereleotris_zebra,Microdesmidae,Perciformes,12,SL
Pterolebias_longipinnis,Rivulidae,Cyprinodontiformes,12,TL
Puntius_arulius,Cyprinidae,Cypriniformes,12,TL
Puntius_brevis,Cyprinidae,Cypriniformes,12,SL
Puntius_johorensis,Cyprinidae,Cypriniformes,12,TL
Rasbora_argyrotaenia,Cyprinidae,Cypriniformes,12,TL
Rasbora_dusonensis,Cyprinidae,Cypriniformes,12,SL
Rasbora_paviana,Cyprinidae,Cypriniformes,12,SL
Rhinichthys_falcatus,Cyprinidae,Cypriniformes,12,TL
Salmophasia_phulo,Cyprinidae,Cypriniformes,12,TL
Scartella_cristata,Blenniidae,Perciformes,12,TL
Schistura_fasciolata,Balitoridae,Cypriniformes,12,TL
Scorpaenodes_scaber,Scorpaenidae,Scorpaeniformes,12,TL
Serranus_baldwini,Serranidae,Perciformes,12,TL
Sikukia_stejnegeri,Cyprinidae,Cypriniformes,12,TL
Sinohomaloptera_kwangsiensis,Balitoridae,Cypriniformes,12,TL
Spratelloides_robustus,Clupeidae,Clupeiformes,12,SL
Stegastes_obreptus,Pomacentridae,Perciformes,12,SL
Stomatepia_mariae,Cichlidae,Perciformes,12,SL
Symphodus_ocellatus,Labridae,Perciformes,12,SL
Taenioides_limicola,Gobiidae,Perciformes,12,SL
Telmatochromis_dhonti,Cichlidae,Perciformes,12,TL
Tetragonopterus_chalceus,Characidae,Characiformes,12,TL
Theraps_coeruleus,Cichlidae,Perciformes,12,SL
Traccatichthys_pulcher,Balitoridae,Cypriniformes,12,TL
Trichogaster_leerii,Osphronemidae,Perciformes,12,TL
Tridentiger_bifasciatus,Gobiidae,Perciformes,12,TL
Triglachromis_otostigma,Cichlidae,Perciformes,12,TL
Trigonectes_rubromarginatus,Rivulidae,Cyprinodontiformes,12,TL
Tropheus_duboisi,Cichlidae,Perciformes,12,TL
Xiphocheilus_typus,Labridae,Perciformes,12,SL
